Renderer,Driver,MSAA,width,height,FPS,seconds,celcius,fahrenheit,vddc,vddccurrent,gpu_power,core_clock,memory_clock
NVIDIA GeForce GTX 1060 3GB,27.21.14.5709 (10-22-2020) - C:\Windows\System32\DriverStore\FileRepository\nv_dispi.inf_amd64_983b03c2be43c272\nvoglv64.dll,8,2560,1080,0,0.0000,32.0000,89.6000,0.6250,0.0000,0.0000,607.0000,405.0000
NVIDIA GeForce GTX 1060 3GB,27.21.14.5709 (10-22-2020) - C:\Windows\System32\DriverStore\FileRepository\nv_dispi.inf_amd64_983b03c2be43c272\nvoglv64.dll,8,2560,1080,0,1.0180,38.0000,100.4000,0.6250,0.0000,0.0000,569.0000,4004.0000
NVIDIA GeForce GTX 1060 3GB,27.21.14.5709 (10-22-2020) - C:\Windows\System32\DriverStore\FileRepository\nv_dispi.inf_amd64_983b03c2be43c272\nvoglv64.dll,8,2560,1080,39,2.0270,40.0000,104.0000,1.0500,0.0000,0.0000,569.0000,4004.0000
NVIDIA GeForce GTX 1060 3GB,27.21.14.5709 (10-22-2020) - C:\Windows\System32\DriverStore\FileRepository\nv_dispi.inf_amd64_983b03c2be43c272\nvoglv64.dll,8,2560,1080,47,3.0320,42.0000,107.6000,1.0500,0.0000,0.0000,569.0000,4004.0000
NVIDIA GeForce GTX 1060 3GB,27.21.14.5709 (10-22-2020) - C:\Windows\System32\DriverStore\FileRepository\nv_dispi.inf_amd64_983b03c2be43c272\nvoglv64.dll,8,2560,1080,40,4.0420,43.0000,109.4000,1.0620,0.0000,0.0000,569.0000,4004.0000
NVIDIA GeForce GTX 1060 3GB,27.21.14.5709 (10-22-2020) - C:\Windows\System32\DriverStore\FileRepository\nv_dispi.inf_amd64_983b03c2be43c272\nvoglv64.dll,8,2560,1080,37,5.0460,43.0000,109.4000,1.0620,0.0000,0.0000,569.0000,4004.0000
NVIDIA GeForce GTX 1060 3GB,27.21.14.5709 (10-22-2020) - C:\Windows\System32\DriverStore\FileRepository\nv_dispi.inf_amd64_983b03c2be43c272\nvoglv64.dll,8,2560,1080,36,6.0560,44.0000,111.2000,1.0620,0.0000,0.0000,569.0000,4004.0000
NVIDIA GeForce GTX 1060 3GB,27.21.14.5709 (10-22-2020) - C:\Windows\System32\DriverStore\FileRepository\nv_dispi.inf_amd64_983b03c2be43c272\nvoglv64.dll,8,2560,1080,36,7.0740,45.0000,113.0000,1.0620,0.0000,0.0000,569.0000,4004.0000
NVIDIA GeForce GTX 1060 3GB,27.21.14.5709 (10-22-2020) - C:\Windows\System32\DriverStore\FileRepository\nv_dispi.inf_amd64_983b03c2be43c272\nvoglv64.dll,8,2560,1080,35,8.1030,45.0000,113.0000,1.0620,0.0000,0.0000,569.0000,4004.0000
NVIDIA GeForce GTX 1060 3GB,27.21.14.5709 (10-22-2020) - C:\Windows\System32\DriverStore\FileRepository\nv_dispi.inf_amd64_983b03c2be43c272\nvoglv64.dll,8,2560,1080,36,9.1300,46.0000,114.8000,1.0620,0.0000,0.0000,569.0000,4004.0000
NVIDIA GeForce GTX 1060 3GB,27.21.14.5709 (10-22-2020) - C:\Windows\System32\DriverStore\FileRepository\nv_dispi.inf_amd64_983b03c2be43c272\nvoglv64.dll,8,2560,1080,36,10.1500,46.0000,114.8000,1.0620,0.0000,0.0000,569.0000,4004.0000
NVIDIA GeForce GTX 1060 3GB,27.21.14.5709 (10-22-2020) - C:\Windows\System32\DriverStore\FileRepository\nv_dispi.inf_amd64_983b03c2be43c272\nvoglv64.dll,8,2560,1080,36,11.1570,47.0000,116.6000,1.0620,0.0000,0.0000,569.0000,4004.0000
NVIDIA GeForce GTX 1060 3GB,27.21.14.5709 (10-22-2020) - C:\Windows\System32\DriverStore\FileRepository\nv_dispi.inf_amd64_983b03c2be43c272\nvoglv64.dll,8,2560,1080,38,12.1730,47.0000,116.6000,1.0620,0.0000,0.0000,569.0000,4004.0000
NVIDIA GeForce GTX 1060 3GB,27.21.14.5709 (10-22-2020) - C:\Windows\System32\DriverStore\FileRepository\nv_dispi.inf_amd64_983b03c2be43c272\nvoglv64.dll,8,2560,1080,43,13.1860,48.0000,118.4000,1.0620,0.0000,0.0000,569.0000,4004.0000
NVIDIA GeForce GTX 1060 3GB,27.21.14.5709 (10-22-2020) - C:\Windows\System32\DriverStore\FileRepository\nv_dispi.inf_amd64_983b03c2be43c272\nvoglv64.dll,8,2560,1080,51,14.1960,48.0000,118.4000,1.0620,0.0000,0.0000,569.0000,4004.0000
NVIDIA GeForce GTX 1060 3GB,27.21.14.5709 (10-22-2020) - C:\Windows\System32\DriverStore\FileRepository\nv_dispi.inf_amd64_983b03c2be43c272\nvoglv64.dll,8,2560,1080,54,15.2090,48.0000,118.4000,1.0620,0.0000,0.0000,569.0000,4004.0000
NVIDIA GeForce GTX 1060 3GB,27.21.14.5709 (10-22-2020) - C:\Windows\System32\DriverStore\FileRepository\nv_dispi.inf_amd64_983b03c2be43c272\nvoglv64.dll,8,2560,1080,53,16.2150,49.0000,120.2000,1.0620,0.0000,0.0000,569.0000,4004.0000
NVIDIA GeForce GTX 1060 3GB,27.21.14.5709 (10-22-2020) - C:\Windows\System32\DriverStore\FileRepository\nv_dispi.inf_amd64_983b03c2be43c272\nvoglv64.dll,8,2560,1080,47,17.2290,50.0000,122.0000,1.0620,0.0000,0.0000,569.0000,4004.0000
NVIDIA GeForce GTX 1060 3GB,27.21.14.5709 (10-22-2020) - C:\Windows\System32\DriverStore\FileRepository\nv_dispi.inf_amd64_983b03c2be43c272\nvoglv64.dll,8,2560,1080,42,18.2500,50.0000,122.0000,1.0620,0.0000,0.0000,569.0000,4004.0000
NVIDIA GeForce GTX 1060 3GB,27.21.14.5709 (10-22-2020) - C:\Windows\System32\DriverStore\FileRepository\nv_dispi.inf_amd64_983b03c2be43c272\nvoglv64.dll,8,2560,1080,39,19.2610,51.0000,123.8000,1.0620,0.0000,0.0000,569.0000,4004.0000
NVIDIA GeForce GTX 1060 3GB,27.21.14.5709 (10-22-2020) - C:\Windows\System32\DriverStore\FileRepository\nv_dispi.inf_amd64_983b03c2be43c272\nvoglv64.dll,8,2560,1080,38,20.2830,51.0000,123.8000,1.0620,0.0000,0.0000,569.0000,4004.0000
NVIDIA GeForce GTX 1060 3GB,27.21.14.5709 (10-22-2020) - C:\Windows\System32\DriverStore\FileRepository\nv_dispi.inf_amd64_983b03c2be43c272\nvoglv64.dll,8,2560,1080,37,21.2960,52.0000,125.6000,1.0500,0.0000,0.0000,569.0000,4004.0000
NVIDIA GeForce GTX 1060 3GB,27.21.14.5709 (10-22-2020) - C:\Windows\System32\DriverStore\FileRepository\nv_dispi.inf_amd64_983b03c2be43c272\nvoglv64.dll,8,2560,1080,37,22.3060,52.0000,125.6000,1.0500,0.0000,0.0000,569.0000,4004.0000
NVIDIA GeForce GTX 1060 3GB,27.21.14.5709 (10-22-2020) - C:\Windows\System32\DriverStore\FileRepository\nv_dispi.inf_amd64_983b03c2be43c272\nvoglv64.dll,8,2560,1080,37,23.3060,52.0000,125.6000,1.0500,0.0000,0.0000,569.0000,4004.0000
NVIDIA GeForce GTX 1060 3GB,27.21.14.5709 (10-22-2020) - C:\Windows\System32\DriverStore\FileRepository\nv_dispi.inf_amd64_983b03c2be43c272\nvoglv64.dll,8,2560,1080,39,24.3240,53.0000,127.4000,1.0500,0.0000,0.0000,569.0000,4004.0000
NVIDIA GeForce GTX 1060 3GB,27.21.14.5709 (10-22-2020) - C:\Windows\System32\DriverStore\FileRepository\nv_dispi.inf_amd64_983b03c2be43c272\nvoglv64.dll,8,2560,1080,43,25.3430,53.0000,127.4000,1.0500,0.0000,0.0000,569.0000,4004.0000
NVIDIA GeForce GTX 1060 3GB,27.21.14.5709 (10-22-2020) - C:\Windows\System32\DriverStore\FileRepository\nv_dispi.inf_amd64_983b03c2be43c272\nvoglv64.dll,8,2560,1080,49,26.3500,53.0000,127.4000,1.0500,0.0000,0.0000,569.0000,4004.0000
NVIDIA GeForce GTX 1060 3GB,27.21.14.5709 (10-22-2020) - C:\Windows\System32\DriverStore\FileRepository\nv_dispi.inf_amd64_983b03c2be43c272\nvoglv64.dll,8,2560,1080,51,27.3510,54.0000,129.2000,1.0500,0.0000,0.0000,569.0000,4004.0000
NVIDIA GeForce GTX 1060 3GB,27.21.14.5709 (10-22-2020) - C:\Windows\System32\DriverStore\FileRepository\nv_dispi.inf_amd64_983b03c2be43c272\nvoglv64.dll,8,2560,1080,50,28.3580,50.0000,122.0000,1.0500,0.0000,0.0000,569.0000,4004.0000
NVIDIA GeForce GTX 1060 3GB,27.21.14.5709 (10-22-2020) - C:\Windows\System32\DriverStore\FileRepository\nv_dispi.inf_amd64_983b03c2be43c272\nvoglv64.dll,8,2560,1080,44,29.3810,54.0000,129.2000,1.0500,0.0000,0.0000,569.0000,4004.0000
NVIDIA GeForce GTX 1060 3GB,27.21.14.5709 (10-22-2020) - C:\Windows\System32\DriverStore\FileRepository\nv_dispi.inf_amd64_983b03c2be43c272\nvoglv64.dll,8,2560,1080,38,30.3860,55.0000,131.0000,1.0500,0.0000,0.0000,569.0000,4004.0000
NVIDIA GeForce GTX 1060 3GB,27.21.14.5709 (10-22-2020) - C:\Windows\System32\DriverStore\FileRepository\nv_dispi.inf_amd64_983b03c2be43c272\nvoglv64.dll,8,2560,1080,36,31.3880,55.0000,131.0000,1.0500,0.0000,0.0000,569.0000,4004.0000
NVIDIA GeForce GTX 1060 3GB,27.21.14.5709 (10-22-2020) - C:\Windows\System32\DriverStore\FileRepository\nv_dispi.inf_amd64_983b03c2be43c272\nvoglv64.dll,8,2560,1080,36,32.3990,56.0000,132.8000,1.0500,0.0000,0.0000,569.0000,4004.0000
NVIDIA GeForce GTX 1060 3GB,27.21.14.5709 (10-22-2020) - C:\Windows\System32\DriverStore\FileRepository\nv_dispi.inf_amd64_983b03c2be43c272\nvoglv64.dll,8,2560,1080,36,33.4160,56.0000,132.8000,1.0500,0.0000,0.0000,569.0000,4004.0000
NVIDIA GeForce GTX 1060 3GB,27.21.14.5709 (10-22-2020) - C:\Windows\System32\DriverStore\FileRepository\nv_dispi.inf_amd64_983b03c2be43c272\nvoglv64.dll,8,2560,1080,36,34.4450,57.0000,134.6000,1.0500,0.0000,0.0000,569.0000,4004.0000
NVIDIA GeForce GTX 1060 3GB,27.21.14.5709 (10-22-2020) - C:\Windows\System32\DriverStore\FileRepository\nv_dispi.inf_amd64_983b03c2be43c272\nvoglv64.dll,8,2560,1080,35,35.4509,57.0000,134.6000,1.0500,0.0000,0.0000,569.0000,4004.0000
NVIDIA GeForce GTX 1060 3GB,27.21.14.5709 (10-22-2020) - C:\Windows\System32\DriverStore\FileRepository\nv_dispi.inf_amd64_983b03c2be43c272\nvoglv64.dll,8,2560,1080,35,36.4539,57.0000,134.6000,1.0500,0.0000,0.0000,569.0000,4004.0000
NVIDIA GeForce GTX 1060 3GB,27.21.14.5709 (10-22-2020) - C:\Windows\System32\DriverStore\FileRepository\nv_dispi.inf_amd64_983b03c2be43c272\nvoglv64.dll,8,2560,1080,36,37.4769,56.0000,132.8000,1.0500,0.0000,0.0000,569.0000,4004.0000
NVIDIA GeForce GTX 1060 3GB,27.21.14.5709 (10-22-2020) - C:\Windows\System32\DriverStore\FileRepository\nv_dispi.inf_amd64_983b03c2be43c272\nvoglv64.dll,8,2560,1080,36,38.4789,57.0000,134.6000,1.0500,0.0000,0.0000,569.0000,4004.0000
NVIDIA GeForce GTX 1060 3GB,27.21.14.5709 (10-22-2020) - C:\Windows\System32\DriverStore\FileRepository\nv_dispi.inf_amd64_983b03c2be43c272\nvoglv64.dll,8,2560,1080,39,39.4899,58.0000,136.4000,1.0500,0.0000,0.0000,569.0000,4004.0000
NVIDIA GeForce GTX 1060 3GB,27.21.14.5709 (10-22-2020) - C:\Windows\System32\DriverStore\FileRepository\nv_dispi.inf_amd64_983b03c2be43c272\nvoglv64.dll,8,2560,1080,45,40.5069,58.0000,136.4000,1.0500,0.0000,0.0000,569.0000,4004.0000
NVIDIA GeForce GTX 1060 3GB,27.21.14.5709 (10-22-2020) - C:\Windows\System32\DriverStore\FileRepository\nv_dispi.inf_amd64_983b03c2be43c272\nvoglv64.dll,8,2560,1080,52,41.5100,58.0000,136.4000,1.0500,0.0000,0.0000,569.0000,4004.0000
NVIDIA GeForce GTX 1060 3GB,27.21.14.5709 (10-22-2020) - C:\Windows\System32\DriverStore\FileRepository\nv_dispi.inf_amd64_983b03c2be43c272\nvoglv64.dll,8,2560,1080,53,42.5120,58.0000,136.4000,1.0500,0.0000,0.0000,569.0000,4004.0000
NVIDIA GeForce GTX 1060 3GB,27.21.14.5709 (10-22-2020) - C:\Windows\System32\DriverStore\FileRepository\nv_dispi.inf_amd64_983b03c2be43c272\nvoglv64.dll,8,2560,1080,51,43.5290,59.0000,138.2000,1.0500,0.0000,0.0000,569.0000,4004.0000
NVIDIA GeForce GTX 1060 3GB,27.21.14.5709 (10-22-2020) - C:\Windows\System32\DriverStore\FileRepository\nv_dispi.inf_amd64_983b03c2be43c272\nvoglv64.dll,8,2560,1080,44,44.5390,59.0000,138.2000,1.0500,0.0000,0.0000,569.0000,4004.0000
NVIDIA GeForce GTX 1060 3GB,27.21.14.5709 (10-22-2020) - C:\Windows\System32\DriverStore\FileRepository\nv_dispi.inf_amd64_983b03c2be43c272\nvoglv64.dll,8,2560,1080,40,45.5480,60.0000,140.0000,1.0500,0.0000,0.0000,569.0000,4004.0000
NVIDIA GeForce GTX 1060 3GB,27.21.14.5709 (10-22-2020) - C:\Windows\System32\DriverStore\FileRepository\nv_dispi.inf_amd64_983b03c2be43c272\nvoglv64.dll,8,2560,1080,38,46.5550,60.0000,140.0000,1.0500,0.0000,0.0000,569.0000,4004.0000
NVIDIA GeForce GTX 1060 3GB,27.21.14.5709 (10-22-2020) - C:\Windows\System32\DriverStore\FileRepository\nv_dispi.inf_amd64_983b03c2be43c272\nvoglv64.dll,8,2560,1080,37,47.5641,60.0000,140.0000,1.0500,0.0000,0.0000,569.0000,4004.0000
NVIDIA GeForce GTX 1060 3GB,27.21.14.5709 (10-22-2020) - C:\Windows\System32\DriverStore\FileRepository\nv_dispi.inf_amd64_983b03c2be43c272\nvoglv64.dll,8,2560,1080,37,48.5791,61.0000,141.8000,1.0500,0.0000,0.0000,569.0000,4004.0000
NVIDIA GeForce GTX 1060 3GB,27.21.14.5709 (10-22-2020) - C:\Windows\System32\DriverStore\FileRepository\nv_dispi.inf_amd64_983b03c2be43c272\nvoglv64.dll,8,2560,1080,37,49.5881,61.0000,141.8000,1.0500,0.0000,0.0000,569.0000,4004.0000
NVIDIA GeForce GTX 1060 3GB,27.21.14.5709 (10-22-2020) - C:\Windows\System32\DriverStore\FileRepository\nv_dispi.inf_amd64_983b03c2be43c272\nvoglv64.dll,8,2560,1080,38,50.6091,61.0000,141.8000,1.0500,0.0000,0.0000,569.0000,4004.0000
NVIDIA GeForce GTX 1060 3GB,27.21.14.5709 (10-22-2020) - C:\Windows\System32\DriverStore\FileRepository\nv_dispi.inf_amd64_983b03c2be43c272\nvoglv64.dll,8,2560,1080,40,51.6271,61.0000,141.8000,1.0500,0.0000,0.0000,569.0000,4004.0000
NVIDIA GeForce GTX 1060 3GB,27.21.14.5709 (10-22-2020) - C:\Windows\System32\DriverStore\FileRepository\nv_dispi.inf_amd64_983b03c2be43c272\nvoglv64.dll,8,2560,1080,45,52.6411,61.0000,141.8000,1.0500,0.0000,0.0000,569.0000,4004.0000
NVIDIA GeForce GTX 1060 3GB,27.21.14.5709 (10-22-2020) - C:\Windows\System32\DriverStore\FileRepository\nv_dispi.inf_amd64_983b03c2be43c272\nvoglv64.dll,8,2560,1080,50,53.6431,61.0000,141.8000,1.0430,0.0000,0.0000,569.0000,4004.0000
NVIDIA GeForce GTX 1060 3GB,27.21.14.5709 (10-22-2020) - C:\Windows\System32\DriverStore\FileRepository\nv_dispi.inf_amd64_983b03c2be43c272\nvoglv64.dll,8,2560,1080,51,54.6561,62.0000,143.6000,1.0430,0.0000,0.0000,569.0000,4004.0000
NVIDIA GeForce GTX 1060 3GB,27.21.14.5709 (10-22-2020) - C:\Windows\System32\DriverStore\FileRepository\nv_dispi.inf_amd64_983b03c2be43c272\nvoglv64.dll,8,2560,1080,48,55.6721,62.0000,143.6000,1.0430,0.0000,0.0000,569.0000,4004.0000
NVIDIA GeForce GTX 1060 3GB,27.21.14.5709 (10-22-2020) - C:\Windows\System32\DriverStore\FileRepository\nv_dispi.inf_amd64_983b03c2be43c272\nvoglv64.dll,8,2560,1080,41,56.6901,62.0000,143.6000,1.0430,0.0000,0.0000,569.0000,4004.0000
NVIDIA GeForce GTX 1060 3GB,27.21.14.5709 (10-22-2020) - C:\Windows\System32\DriverStore\FileRepository\nv_dispi.inf_amd64_983b03c2be43c272\nvoglv64.dll,8,2560,1080,37,57.7011,63.0000,145.4000,1.0430,0.0000,0.0000,569.0000,4004.0000
NVIDIA GeForce GTX 1060 3GB,27.21.14.5709 (10-22-2020) - C:\Windows\System32\DriverStore\FileRepository\nv_dispi.inf_amd64_983b03c2be43c272\nvoglv64.dll,8,2560,1080,36,58.7131,63.0000,145.4000,1.0430,0.0000,0.0000,569.0000,4004.0000
NVIDIA GeForce GTX 1060 3GB,27.21.14.5709 (10-22-2020) - C:\Windows\System32\DriverStore\FileRepository\nv_dispi.inf_amd64_983b03c2be43c272\nvoglv64.dll,8,2560,1080,36,59.7311,63.0000,145.4000,1.0430,0.0000,0.0000,569.0000,4004.0000
NVIDIA GeForce GTX 1060 3GB,27.21.14.5709 (10-22-2020) - C:\Windows\System32\DriverStore\FileRepository\nv_dispi.inf_amd64_983b03c2be43c272\nvoglv64.dll,8,2560,1080,36,60.7561,63.0000,145.4000,1.0430,0.0000,0.0000,569.0000,4004.0000
NVIDIA GeForce GTX 1060 3GB,27.21.14.5709 (10-22-2020) - C:\Windows\System32\DriverStore\FileRepository\nv_dispi.inf_amd64_983b03c2be43c272\nvoglv64.dll,8,2560,1080,35,61.7631,64.0000,147.2000,1.0430,0.0000,0.0000,569.0000,4004.0000
NVIDIA GeForce GTX 1060 3GB,27.21.14.5709 (10-22-2020) - C:\Windows\System32\DriverStore\FileRepository\nv_dispi.inf_amd64_983b03c2be43c272\nvoglv64.dll,8,2560,1080,35,62.7711,64.0000,147.2000,1.0430,0.0000,0.0000,569.0000,4004.0000
NVIDIA GeForce GTX 1060 3GB,27.21.14.5709 (10-22-2020) - C:\Windows\System32\DriverStore\FileRepository\nv_dispi.inf_amd64_983b03c2be43c272\nvoglv64.dll,8,2560,1080,35,63.7740,64.0000,147.2000,1.0430,0.0000,0.0000,569.0000,4004.0000
NVIDIA GeForce GTX 1060 3GB,27.21.14.5709 (10-22-2020) - C:\Windows\System32\DriverStore\FileRepository\nv_dispi.inf_amd64_983b03c2be43c272\nvoglv64.dll,8,2560,1080,36,64.7930,64.0000,147.2000,1.0430,0.0000,0.0000,569.0000,4004.0000
NVIDIA GeForce GTX 1060 3GB,27.21.14.5709 (10-22-2020) - C:\Windows\System32\DriverStore\FileRepository\nv_dispi.inf_amd64_983b03c2be43c272\nvoglv64.dll,8,2560,1080,37,65.8060,64.0000,147.2000,1.0430,0.0000,0.0000,569.0000,4004.0000
NVIDIA GeForce GTX 1060 3GB,27.21.14.5709 (10-22-2020) - C:\Windows\System32\DriverStore\FileRepository\nv_dispi.inf_amd64_983b03c2be43c272\nvoglv64.dll,8,2560,1080,41,66.8161,64.0000,147.2000,1.0430,0.0000,0.0000,569.0000,4004.0000
NVIDIA GeForce GTX 1060 3GB,27.21.14.5709 (10-22-2020) - C:\Windows\System32\DriverStore\FileRepository\nv_dispi.inf_amd64_983b03c2be43c272\nvoglv64.dll,8,2560,1080,48,67.8291,64.0000,147.2000,1.0430,0.0000,0.0000,569.0000,4004.0000
NVIDIA GeForce GTX 1060 3GB,27.21.14.5709 (10-22-2020) - C:\Windows\System32\DriverStore\FileRepository\nv_dispi.inf_amd64_983b03c2be43c272\nvoglv64.dll,8,2560,1080,53,68.8420,64.0000,147.2000,1.0430,0.0000,0.0000,569.0000,4004.0000
NVIDIA GeForce GTX 1060 3GB,27.21.14.5709 (10-22-2020) - C:\Windows\System32\DriverStore\FileRepository\nv_dispi.inf_amd64_983b03c2be43c272\nvoglv64.dll,8,2560,1080,53,69.8548,65.0000,149.0000,1.0430,0.0000,0.0000,569.0000,4004.0000
NVIDIA GeForce GTX 1060 3GB,27.21.14.5709 (10-22-2020) - C:\Windows\System32\DriverStore\FileRepository\nv_dispi.inf_amd64_983b03c2be43c272\nvoglv64.dll,8,2560,1080,48,70.8759,65.0000,149.0000,1.0430,0.0000,0.0000,569.0000,4004.0000
NVIDIA GeForce GTX 1060 3GB,27.21.14.5709 (10-22-2020) - C:\Windows\System32\DriverStore\FileRepository\nv_dispi.inf_amd64_983b03c2be43c272\nvoglv64.dll,8,2560,1080,42,71.8910,65.0000,149.0000,1.0430,0.0000,0.0000,569.0000,4004.0000
NVIDIA GeForce GTX 1060 3GB,27.21.14.5709 (10-22-2020) - C:\Windows\System32\DriverStore\FileRepository\nv_dispi.inf_amd64_983b03c2be43c272\nvoglv64.dll,8,2560,1080,39,72.9020,65.0000,149.0000,1.0430,0.0000,0.0000,569.0000,4004.0000
NVIDIA GeForce GTX 1060 3GB,27.21.14.5709 (10-22-2020) - C:\Windows\System32\DriverStore\FileRepository\nv_dispi.inf_amd64_983b03c2be43c272\nvoglv64.dll,8,2560,1080,38,73.9270,66.0000,150.8000,1.0430,0.0000,0.0000,569.0000,4004.0000
NVIDIA GeForce GTX 1060 3GB,27.21.14.5709 (10-22-2020) - C:\Windows\System32\DriverStore\FileRepository\nv_dispi.inf_amd64_983b03c2be43c272\nvoglv64.dll,8,2560,1080,37,74.9450,66.0000,150.8000,1.0430,0.0000,0.0000,569.0000,4004.0000
NVIDIA GeForce GTX 1060 3GB,27.21.14.5709 (10-22-2020) - C:\Windows\System32\DriverStore\FileRepository\nv_dispi.inf_amd64_983b03c2be43c272\nvoglv64.dll,8,2560,1080,37,75.9601,66.0000,150.8000,1.0430,0.0000,0.0000,569.0000,4004.0000
NVIDIA GeForce GTX 1060 3GB,27.21.14.5709 (10-22-2020) - C:\Windows\System32\DriverStore\FileRepository\nv_dispi.inf_amd64_983b03c2be43c272\nvoglv64.dll,8,2560,1080,37,76.9671,66.0000,150.8000,1.0430,0.0000,0.0000,569.0000,4004.0000
NVIDIA GeForce GTX 1060 3GB,27.21.14.5709 (10-22-2020) - C:\Windows\System32\DriverStore\FileRepository\nv_dispi.inf_amd64_983b03c2be43c272\nvoglv64.dll,8,2560,1080,38,77.9731,66.0000,150.8000,1.0430,0.0000,0.0000,569.0000,4004.0000
NVIDIA GeForce GTX 1060 3GB,27.21.14.5709 (10-22-2020) - C:\Windows\System32\DriverStore\FileRepository\nv_dispi.inf_amd64_983b03c2be43c272\nvoglv64.dll,8,2560,1080,41,78.9742,67.0000,152.6000,1.0430,0.0000,0.0000,569.0000,4004.0000
NVIDIA GeForce GTX 1060 3GB,27.21.14.5709 (10-22-2020) - C:\Windows\System32\DriverStore\FileRepository\nv_dispi.inf_amd64_983b03c2be43c272\nvoglv64.dll,8,2560,1080,47,79.9742,67.0000,152.6000,1.0500,0.0000,0.0000,569.0000,4004.0000
NVIDIA GeForce GTX 1060 3GB,27.21.14.5709 (10-22-2020) - C:\Windows\System32\DriverStore\FileRepository\nv_dispi.inf_amd64_983b03c2be43c272\nvoglv64.dll,8,2560,1080,51,80.9851,67.0000,152.6000,1.0500,0.0000,0.0000,569.0000,4004.0000
NVIDIA GeForce GTX 1060 3GB,27.21.14.5709 (10-22-2020) - C:\Windows\System32\DriverStore\FileRepository\nv_dispi.inf_amd64_983b03c2be43c272\nvoglv64.dll,8,2560,1080,50,81.9890,67.0000,152.6000,1.0500,0.0000,0.0000,569.0000,4004.0000
NVIDIA GeForce GTX 1060 3GB,27.21.14.5709 (10-22-2020) - C:\Windows\System32\DriverStore\FileRepository\nv_dispi.inf_amd64_983b03c2be43c272\nvoglv64.dll,8,2560,1080,45,83.0071,67.0000,152.6000,1.0500,0.0000,0.0000,569.0000,4004.0000
NVIDIA GeForce GTX 1060 3GB,27.21.14.5709 (10-22-2020) - C:\Windows\System32\DriverStore\FileRepository\nv_dispi.inf_amd64_983b03c2be43c272\nvoglv64.dll,8,2560,1080,39,84.0261,68.0000,154.4000,1.0500,0.0000,0.0000,569.0000,4004.0000
NVIDIA GeForce GTX 1060 3GB,27.21.14.5709 (10-22-2020) - C:\Windows\System32\DriverStore\FileRepository\nv_dispi.inf_amd64_983b03c2be43c272\nvoglv64.dll,8,2560,1080,37,85.0281,68.0000,154.4000,1.0500,0.0000,0.0000,569.0000,4004.0000
NVIDIA GeForce GTX 1060 3GB,27.21.14.5709 (10-22-2020) - C:\Windows\System32\DriverStore\FileRepository\nv_dispi.inf_amd64_983b03c2be43c272\nvoglv64.dll,8,2560,1080,36,86.0431,68.0000,154.4000,1.0500,0.0000,0.0000,569.0000,4004.0000
NVIDIA GeForce GTX 1060 3GB,27.21.14.5709 (10-22-2020) - C:\Windows\System32\DriverStore\FileRepository\nv_dispi.inf_amd64_983b03c2be43c272\nvoglv64.dll,8,2560,1080,36,87.0621,68.0000,154.4000,1.0500,0.0000,0.0000,569.0000,4004.0000
NVIDIA GeForce GTX 1060 3GB,27.21.14.5709 (10-22-2020) - C:\Windows\System32\DriverStore\FileRepository\nv_dispi.inf_amd64_983b03c2be43c272\nvoglv64.dll,8,2560,1080,35,88.0641,68.0000,154.4000,1.0500,0.0000,0.0000,569.0000,4004.0000
NVIDIA GeForce GTX 1060 3GB,27.21.14.5709 (10-22-2020) - C:\Windows\System32\DriverStore\FileRepository\nv_dispi.inf_amd64_983b03c2be43c272\nvoglv64.dll,8,2560,1080,35,89.0731,68.0000,154.4000,1.0500,0.0000,0.0000,569.0000,4004.0000
NVIDIA GeForce GTX 1060 3GB,27.21.14.5709 (10-22-2020) - C:\Windows\System32\DriverStore\FileRepository\nv_dispi.inf_amd64_983b03c2be43c272\nvoglv64.dll,8,2560,1080,35,90.0800,69.0000,156.2000,1.0500,0.0000,0.0000,569.0000,4004.0000
NVIDIA GeForce GTX 1060 3GB,27.21.14.5709 (10-22-2020) - C:\Windows\System32\DriverStore\FileRepository\nv_dispi.inf_amd64_983b03c2be43c272\nvoglv64.dll,8,2560,1080,35,91.1080,69.0000,156.2000,1.0500,0.0000,0.0000,569.0000,4004.0000
NVIDIA GeForce GTX 1060 3GB,27.21.14.5709 (10-22-2020) - C:\Windows\System32\DriverStore\FileRepository\nv_dispi.inf_amd64_983b03c2be43c272\nvoglv64.dll,8,2560,1080,36,92.1190,69.0000,156.2000,1.0500,0.0000,0.0000,569.0000,4004.0000
NVIDIA GeForce GTX 1060 3GB,27.21.14.5709 (10-22-2020) - C:\Windows\System32\DriverStore\FileRepository\nv_dispi.inf_amd64_983b03c2be43c272\nvoglv64.dll,8,2560,1080,38,93.1281,69.0000,156.2000,1.0500,0.0000,0.0000,569.0000,4004.0000
NVIDIA GeForce GTX 1060 3GB,27.21.14.5709 (10-22-2020) - C:\Windows\System32\DriverStore\FileRepository\nv_dispi.inf_amd64_983b03c2be43c272\nvoglv64.dll,8,2560,1080,43,94.1412,69.0000,156.2000,1.0500,0.0000,0.0000,569.0000,4004.0000
NVIDIA GeForce GTX 1060 3GB,27.21.14.5709 (10-22-2020) - C:\Windows\System32\DriverStore\FileRepository\nv_dispi.inf_amd64_983b03c2be43c272\nvoglv64.dll,8,2560,1080,51,95.1451,69.0000,156.2000,1.0500,0.0000,0.0000,569.0000,4004.0000
NVIDIA GeForce GTX 1060 3GB,27.21.14.5709 (10-22-2020) - C:\Windows\System32\DriverStore\FileRepository\nv_dispi.inf_amd64_983b03c2be43c272\nvoglv64.dll,8,2560,1080,53,96.1529,69.0000,156.2000,1.0500,0.0000,0.0000,569.0000,4004.0000
NVIDIA GeForce GTX 1060 3GB,27.21.14.5709 (10-22-2020) - C:\Windows\System32\DriverStore\FileRepository\nv_dispi.inf_amd64_983b03c2be43c272\nvoglv64.dll,8,2560,1080,52,97.1538,69.0000,156.2000,1.0500,0.0000,0.0000,569.0000,4004.0000
NVIDIA GeForce GTX 1060 3GB,27.21.14.5709 (10-22-2020) - C:\Windows\System32\DriverStore\FileRepository\nv_dispi.inf_amd64_983b03c2be43c272\nvoglv64.dll,8,2560,1080,45,98.1649,69.0000,156.2000,1.0500,0.0000,0.0000,569.0000,4004.0000
NVIDIA GeForce GTX 1060 3GB,27.21.14.5709 (10-22-2020) - C:\Windows\System32\DriverStore\FileRepository\nv_dispi.inf_amd64_983b03c2be43c272\nvoglv64.dll,8,2560,1080,41,99.1880,70.0000,158.0000,1.0500,0.0000,0.0000,569.0000,4004.0000
NVIDIA GeForce GTX 1060 3GB,27.21.14.5709 (10-22-2020) - C:\Windows\System32\DriverStore\FileRepository\nv_dispi.inf_amd64_983b03c2be43c272\nvoglv64.dll,8,2560,1080,39,100.1900,70.0000,158.0000,1.0500,0.0000,0.0000,569.0000,4004.0000
NVIDIA GeForce GTX 1060 3GB,27.21.14.5709 (10-22-2020) - C:\Windows\System32\DriverStore\FileRepository\nv_dispi.inf_amd64_983b03c2be43c272\nvoglv64.dll,8,2560,1080,37,101.1980,70.0000,158.0000,1.0500,0.0000,0.0000,569.0000,4004.0000
NVIDIA GeForce GTX 1060 3GB,27.21.14.5709 (10-22-2020) - C:\Windows\System32\DriverStore\FileRepository\nv_dispi.inf_amd64_983b03c2be43c272\nvoglv64.dll,8,2560,1080,37,102.2180,70.0000,158.0000,1.0500,0.0000,0.0000,569.0000,4004.0000
NVIDIA GeForce GTX 1060 3GB,27.21.14.5709 (10-22-2020) - C:\Windows\System32\DriverStore\FileRepository\nv_dispi.inf_amd64_983b03c2be43c272\nvoglv64.dll,8,2560,1080,37,103.2310,70.0000,158.0000,1.0500,0.0000,0.0000,569.0000,4004.0000
NVIDIA GeForce GTX 1060 3GB,27.21.14.5709 (10-22-2020) - C:\Windows\System32\DriverStore\FileRepository\nv_dispi.inf_amd64_983b03c2be43c272\nvoglv64.dll,8,2560,1080,37,104.2321,71.0000,159.8000,1.0500,0.0000,0.0000,569.0000,4004.0000
NVIDIA GeForce GTX 1060 3GB,27.21.14.5709 (10-22-2020) - C:\Windows\System32\DriverStore\FileRepository\nv_dispi.inf_amd64_983b03c2be43c272\nvoglv64.dll,8,2560,1080,39,105.2441,71.0000,159.8000,1.0500,0.0000,0.0000,569.0000,4004.0000
NVIDIA GeForce GTX 1060 3GB,27.21.14.5709 (10-22-2020) - C:\Windows\System32\DriverStore\FileRepository\nv_dispi.inf_amd64_983b03c2be43c272\nvoglv64.dll,8,2560,1080,43,106.2472,71.0000,159.8000,1.0500,0.0000,0.0000,569.0000,4004.0000
NVIDIA GeForce GTX 1060 3GB,27.21.14.5709 (10-22-2020) - C:\Windows\System32\DriverStore\FileRepository\nv_dispi.inf_amd64_983b03c2be43c272\nvoglv64.dll,8,2560,1080,49,107.2672,71.0000,159.8000,1.0500,0.0000,0.0000,569.0000,4004.0000
NVIDIA GeForce GTX 1060 3GB,27.21.14.5709 (10-22-2020) - C:\Windows\System32\DriverStore\FileRepository\nv_dispi.inf_amd64_983b03c2be43c272\nvoglv64.dll,8,2560,1080,51,108.2780,71.0000,159.8000,1.0500,0.0000,0.0000,569.0000,4004.0000
NVIDIA GeForce GTX 1060 3GB,27.21.14.5709 (10-22-2020) - C:\Windows\System32\DriverStore\FileRepository\nv_dispi.inf_amd64_983b03c2be43c272\nvoglv64.dll,8,2560,1080,49,109.2890,71.0000,159.8000,1.0500,0.0000,0.0000,569.0000,4004.0000
NVIDIA GeForce GTX 1060 3GB,27.21.14.5709 (10-22-2020) - C:\Windows\System32\DriverStore\FileRepository\nv_dispi.inf_amd64_983b03c2be43c272\nvoglv64.dll,8,2560,1080,42,110.3001,71.0000,159.8000,1.0500,0.0000,0.0000,569.0000,4004.0000
NVIDIA GeForce GTX 1060 3GB,27.21.14.5709 (10-22-2020) - C:\Windows\System32\DriverStore\FileRepository\nv_dispi.inf_amd64_983b03c2be43c272\nvoglv64.dll,8,2560,1080,38,111.3251,71.0000,159.8000,1.0500,0.0000,0.0000,569.0000,4004.0000
NVIDIA GeForce GTX 1060 3GB,27.21.14.5709 (10-22-2020) - C:\Windows\System32\DriverStore\FileRepository\nv_dispi.inf_amd64_983b03c2be43c272\nvoglv64.dll,8,2560,1080,36,112.3351,71.0000,159.8000,1.0500,0.0000,0.0000,569.0000,4004.0000
NVIDIA GeForce GTX 1060 3GB,27.21.14.5709 (10-22-2020) - C:\Windows\System32\DriverStore\FileRepository\nv_dispi.inf_amd64_983b03c2be43c272\nvoglv64.dll,8,2560,1080,36,113.3511,71.0000,159.8000,1.0500,0.0000,0.0000,569.0000,4004.0000
NVIDIA GeForce GTX 1060 3GB,27.21.14.5709 (10-22-2020) - C:\Windows\System32\DriverStore\FileRepository\nv_dispi.inf_amd64_983b03c2be43c272\nvoglv64.dll,8,2560,1080,36,114.3751,72.0000,161.6000,1.0430,0.0000,0.0000,569.0000,4004.0000
NVIDIA GeForce GTX 1060 3GB,27.21.14.5709 (10-22-2020) - C:\Windows\System32\DriverStore\FileRepository\nv_dispi.inf_amd64_983b03c2be43c272\nvoglv64.dll,8,2560,1080,35,115.3831,72.0000,161.6000,1.0430,0.0000,0.0000,569.0000,4004.0000
NVIDIA GeForce GTX 1060 3GB,27.21.14.5709 (10-22-2020) - C:\Windows\System32\DriverStore\FileRepository\nv_dispi.inf_amd64_983b03c2be43c272\nvoglv64.dll,8,2560,1080,35,116.3940,72.0000,161.6000,1.0430,0.0000,0.0000,569.0000,4004.0000
NVIDIA GeForce GTX 1060 3GB,27.21.14.5709 (10-22-2020) - C:\Windows\System32\DriverStore\FileRepository\nv_dispi.inf_amd64_983b03c2be43c272\nvoglv64.dll,8,2560,1080,35,117.4010,72.0000,161.6000,1.0430,0.0000,0.0000,569.0000,4004.0000
NVIDIA GeForce GTX 1060 3GB,27.21.14.5709 (10-22-2020) - C:\Windows\System32\DriverStore\FileRepository\nv_dispi.inf_amd64_983b03c2be43c272\nvoglv64.dll,8,2560,1080,36,118.4270,70.0000,158.0000,1.0430,0.0000,0.0000,569.0000,4004.0000
NVIDIA GeForce GTX 1060 3GB,27.21.14.5709 (10-22-2020) - C:\Windows\System32\DriverStore\FileRepository\nv_dispi.inf_amd64_983b03c2be43c272\nvoglv64.dll,8,2560,1080,36,119.4540,72.0000,161.6000,1.0430,0.0000,0.0000,569.0000,4004.0000
NVIDIA GeForce GTX 1060 3GB,27.21.14.5709 (10-22-2020) - C:\Windows\System32\DriverStore\FileRepository\nv_dispi.inf_amd64_983b03c2be43c272\nvoglv64.dll,8,2560,1080,39,120.4681,72.0000,161.6000,1.0430,0.0000,0.0000,569.0000,4004.0000
NVIDIA GeForce GTX 1060 3GB,27.21.14.5709 (10-22-2020) - C:\Windows\System32\DriverStore\FileRepository\nv_dispi.inf_amd64_983b03c2be43c272\nvoglv64.dll,8,2560,1080,46,121.4761,71.0000,159.8000,1.0430,0.0000,0.0000,569.0000,4004.0000
NVIDIA GeForce GTX 1060 3GB,27.21.14.5709 (10-22-2020) - C:\Windows\System32\DriverStore\FileRepository\nv_dispi.inf_amd64_983b03c2be43c272\nvoglv64.dll,8,2560,1080,52,122.4800,71.0000,159.8000,1.0430,0.0000,0.0000,569.0000,4004.0000
NVIDIA GeForce GTX 1060 3GB,27.21.14.5709 (10-22-2020) - C:\Windows\System32\DriverStore\FileRepository\nv_dispi.inf_amd64_983b03c2be43c272\nvoglv64.dll,8,2560,1080,53,123.4938,72.0000,161.6000,1.0430,0.0000,0.0000,569.0000,4004.0000
NVIDIA GeForce GTX 1060 3GB,27.21.14.5709 (10-22-2020) - C:\Windows\System32\DriverStore\FileRepository\nv_dispi.inf_amd64_983b03c2be43c272\nvoglv64.dll,8,2560,1080,49,124.5129,72.0000,161.6000,1.0430,0.0000,0.0000,569.0000,4004.0000
NVIDIA GeForce GTX 1060 3GB,27.21.14.5709 (10-22-2020) - C:\Windows\System32\DriverStore\FileRepository\nv_dispi.inf_amd64_983b03c2be43c272\nvoglv64.dll,8,2560,1080,43,125.5359,72.0000,161.6000,1.0430,0.0000,0.0000,569.0000,4004.0000
NVIDIA GeForce GTX 1060 3GB,27.21.14.5709 (10-22-2020) - C:\Windows\System32\DriverStore\FileRepository\nv_dispi.inf_amd64_983b03c2be43c272\nvoglv64.dll,8,2560,1080,40,126.5410,72.0000,161.6000,1.0430,0.0000,0.0000,569.0000,4004.0000
NVIDIA GeForce GTX 1060 3GB,27.21.14.5709 (10-22-2020) - C:\Windows\System32\DriverStore\FileRepository\nv_dispi.inf_amd64_983b03c2be43c272\nvoglv64.dll,8,2560,1080,38,127.5630,68.0000,154.4000,1.0430,0.0000,0.0000,569.0000,4004.0000
NVIDIA GeForce GTX 1060 3GB,27.21.14.5709 (10-22-2020) - C:\Windows\System32\DriverStore\FileRepository\nv_dispi.inf_amd64_983b03c2be43c272\nvoglv64.dll,8,2560,1080,37,128.5809,72.0000,161.6000,1.0430,0.0000,0.0000,569.0000,4004.0000
NVIDIA GeForce GTX 1060 3GB,27.21.14.5709 (10-22-2020) - C:\Windows\System32\DriverStore\FileRepository\nv_dispi.inf_amd64_983b03c2be43c272\nvoglv64.dll,8,2560,1080,37,129.5998,72.0000,161.6000,1.0430,0.0000,0.0000,569.0000,4004.0000
NVIDIA GeForce GTX 1060 3GB,27.21.14.5709 (10-22-2020) - C:\Windows\System32\DriverStore\FileRepository\nv_dispi.inf_amd64_983b03c2be43c272\nvoglv64.dll,8,2560,1080,37,130.6116,72.0000,161.6000,1.0430,0.0000,0.0000,569.0000,4004.0000
NVIDIA GeForce GTX 1060 3GB,27.21.14.5709 (10-22-2020) - C:\Windows\System32\DriverStore\FileRepository\nv_dispi.inf_amd64_983b03c2be43c272\nvoglv64.dll,8,2560,1080,38,131.6285,72.0000,161.6000,1.0430,0.0000,0.0000,569.0000,4004.0000
NVIDIA GeForce GTX 1060 3GB,27.21.14.5709 (10-22-2020) - C:\Windows\System32\DriverStore\FileRepository\nv_dispi.inf_amd64_983b03c2be43c272\nvoglv64.dll,8,2560,1080,40,132.6504,72.0000,161.6000,1.0430,0.0000,0.0000,569.0000,4004.0000
NVIDIA GeForce GTX 1060 3GB,27.21.14.5709 (10-22-2020) - C:\Windows\System32\DriverStore\FileRepository\nv_dispi.inf_amd64_983b03c2be43c272\nvoglv64.dll,8,2560,1080,45,133.6534,72.0000,161.6000,1.0430,0.0000,0.0000,569.0000,4004.0000
NVIDIA GeForce GTX 1060 3GB,27.21.14.5709 (10-22-2020) - C:\Windows\System32\DriverStore\FileRepository\nv_dispi.inf_amd64_983b03c2be43c272\nvoglv64.dll,8,2560,1080,50,134.6715,72.0000,161.6000,1.0430,0.0000,0.0000,569.0000,4004.0000
NVIDIA GeForce GTX 1060 3GB,27.21.14.5709 (10-22-2020) - C:\Windows\System32\DriverStore\FileRepository\nv_dispi.inf_amd64_983b03c2be43c272\nvoglv64.dll,8,2560,1080,50,135.6757,72.0000,161.6000,1.0430,0.0000,0.0000,569.0000,4004.0000
NVIDIA GeForce GTX 1060 3GB,27.21.14.5709 (10-22-2020) - C:\Windows\System32\DriverStore\FileRepository\nv_dispi.inf_amd64_983b03c2be43c272\nvoglv64.dll,8,2560,1080,47,136.6956,71.0000,159.8000,1.0430,0.0000,0.0000,569.0000,4004.0000
NVIDIA GeForce GTX 1060 3GB,27.21.14.5709 (10-22-2020) - C:\Windows\System32\DriverStore\FileRepository\nv_dispi.inf_amd64_983b03c2be43c272\nvoglv64.dll,8,2560,1080,40,137.7005,72.0000,161.6000,1.0430,0.0000,0.0000,569.0000,4004.0000
NVIDIA GeForce GTX 1060 3GB,27.21.14.5709 (10-22-2020) - C:\Windows\System32\DriverStore\FileRepository\nv_dispi.inf_amd64_983b03c2be43c272\nvoglv64.dll,8,2560,1080,37,138.7274,73.0000,163.4000,1.0430,0.0000,0.0000,569.0000,4004.0000
NVIDIA GeForce GTX 1060 3GB,27.21.14.5709 (10-22-2020) - C:\Windows\System32\DriverStore\FileRepository\nv_dispi.inf_amd64_983b03c2be43c272\nvoglv64.dll,8,2560,1080,36,139.7445,73.0000,163.4000,1.0430,0.0000,0.0000,569.0000,4004.0000
NVIDIA GeForce GTX 1060 3GB,27.21.14.5709 (10-22-2020) - C:\Windows\System32\DriverStore\FileRepository\nv_dispi.inf_amd64_983b03c2be43c272\nvoglv64.dll,8,2560,1080,36,140.7666,73.0000,163.4000,1.0430,0.0000,0.0000,569.0000,4004.0000
NVIDIA GeForce GTX 1060 3GB,27.21.14.5709 (10-22-2020) - C:\Windows\System32\DriverStore\FileRepository\nv_dispi.inf_amd64_983b03c2be43c272\nvoglv64.dll,8,2560,1080,35,141.7687,73.0000,163.4000,1.0430,0.0000,0.0000,569.0000,4004.0000
NVIDIA GeForce GTX 1060 3GB,27.21.14.5709 (10-22-2020) - C:\Windows\System32\DriverStore\FileRepository\nv_dispi.inf_amd64_983b03c2be43c272\nvoglv64.dll,8,2560,1080,35,142.7799,73.0000,163.4000,1.0430,0.0000,0.0000,569.0000,4004.0000
NVIDIA GeForce GTX 1060 3GB,27.21.14.5709 (10-22-2020) - C:\Windows\System32\DriverStore\FileRepository\nv_dispi.inf_amd64_983b03c2be43c272\nvoglv64.dll,8,2560,1080,35,143.7891,73.0000,163.4000,1.0430,0.0000,0.0000,569.0000,4004.0000
NVIDIA GeForce GTX 1060 3GB,27.21.14.5709 (10-22-2020) - C:\Windows\System32\DriverStore\FileRepository\nv_dispi.inf_amd64_983b03c2be43c272\nvoglv64.dll,8,2560,1080,35,144.7932,73.0000,163.4000,1.0430,0.0000,0.0000,569.0000,4004.0000
NVIDIA GeForce GTX 1060 3GB,27.21.14.5709 (10-22-2020) - C:\Windows\System32\DriverStore\FileRepository\nv_dispi.inf_amd64_983b03c2be43c272\nvoglv64.dll,8,2560,1080,36,145.8103,73.0000,163.4000,1.0430,0.0000,0.0000,569.0000,4004.0000
NVIDIA GeForce GTX 1060 3GB,27.21.14.5709 (10-22-2020) - C:\Windows\System32\DriverStore\FileRepository\nv_dispi.inf_amd64_983b03c2be43c272\nvoglv64.dll,8,2560,1080,37,146.8341,73.0000,163.4000,1.0430,0.0000,0.0000,569.0000,4004.0000
NVIDIA GeForce GTX 1060 3GB,27.21.14.5709 (10-22-2020) - C:\Windows\System32\DriverStore\FileRepository\nv_dispi.inf_amd64_983b03c2be43c272\nvoglv64.dll,8,2560,1080,42,147.8491,73.0000,163.4000,1.0430,0.0000,0.0000,569.0000,4004.0000
NVIDIA GeForce GTX 1060 3GB,27.21.14.5709 (10-22-2020) - C:\Windows\System32\DriverStore\FileRepository\nv_dispi.inf_amd64_983b03c2be43c272\nvoglv64.dll,8,2560,1080,49,148.8511,72.0000,161.6000,1.0430,0.0000,0.0000,569.0000,4004.0000
NVIDIA GeForce GTX 1060 3GB,27.21.14.5709 (10-22-2020) - C:\Windows\System32\DriverStore\FileRepository\nv_dispi.inf_amd64_983b03c2be43c272\nvoglv64.dll,8,2560,1080,53,149.8660,73.0000,163.4000,1.0430,0.0000,0.0000,569.0000,4004.0000
NVIDIA GeForce GTX 1060 3GB,27.21.14.5709 (10-22-2020) - C:\Windows\System32\DriverStore\FileRepository\nv_dispi.inf_amd64_983b03c2be43c272\nvoglv64.dll,8,2560,1080,52,150.8820,73.0000,163.4000,1.0430,0.0000,0.0000,569.0000,4004.0000
NVIDIA GeForce GTX 1060 3GB,27.21.14.5709 (10-22-2020) - C:\Windows\System32\DriverStore\FileRepository\nv_dispi.inf_amd64_983b03c2be43c272\nvoglv64.dll,8,2560,1080,47,151.9059,73.0000,163.4000,1.0430,0.0000,0.0000,569.0000,4004.0000
NVIDIA GeForce GTX 1060 3GB,27.21.14.5709 (10-22-2020) - C:\Windows\System32\DriverStore\FileRepository\nv_dispi.inf_amd64_983b03c2be43c272\nvoglv64.dll,8,2560,1080,41,152.9258,73.0000,163.4000,1.0430,0.0000,0.0000,569.0000,4004.0000
NVIDIA GeForce GTX 1060 3GB,27.21.14.5709 (10-22-2020) - C:\Windows\System32\DriverStore\FileRepository\nv_dispi.inf_amd64_983b03c2be43c272\nvoglv64.dll,8,2560,1080,39,153.9277,73.0000,163.4000,1.0430,0.0000,0.0000,569.0000,4004.0000
NVIDIA GeForce GTX 1060 3GB,27.21.14.5709 (10-22-2020) - C:\Windows\System32\DriverStore\FileRepository\nv_dispi.inf_amd64_983b03c2be43c272\nvoglv64.dll,8,2560,1080,37,154.9355,73.0000,163.4000,1.0430,0.0000,0.0000,569.0000,4004.0000
NVIDIA GeForce GTX 1060 3GB,27.21.14.5709 (10-22-2020) - C:\Windows\System32\DriverStore\FileRepository\nv_dispi.inf_amd64_983b03c2be43c272\nvoglv64.dll,8,2560,1080,37,155.9564,73.0000,163.4000,1.0430,0.0000,0.0000,569.0000,4004.0000
NVIDIA GeForce GTX 1060 3GB,27.21.14.5709 (10-22-2020) - C:\Windows\System32\DriverStore\FileRepository\nv_dispi.inf_amd64_983b03c2be43c272\nvoglv64.dll,8,2560,1080,37,156.9723,73.0000,163.4000,1.0430,0.0000,0.0000,569.0000,4004.0000
NVIDIA GeForce GTX 1060 3GB,27.21.14.5709 (10-22-2020) - C:\Windows\System32\DriverStore\FileRepository\nv_dispi.inf_amd64_983b03c2be43c272\nvoglv64.dll,8,2560,1080,37,157.9771,73.0000,163.4000,1.0430,0.0000,0.0000,569.0000,4004.0000
NVIDIA GeForce GTX 1060 3GB,27.21.14.5709 (10-22-2020) - C:\Windows\System32\DriverStore\FileRepository\nv_dispi.inf_amd64_983b03c2be43c272\nvoglv64.dll,8,2560,1080,38,158.9980,73.0000,163.4000,1.0430,0.0000,0.0000,569.0000,4004.0000
NVIDIA GeForce GTX 1060 3GB,27.21.14.5709 (10-22-2020) - C:\Windows\System32\DriverStore\FileRepository\nv_dispi.inf_amd64_983b03c2be43c272\nvoglv64.dll,8,2560,1080,42,160.0129,73.0000,163.4000,1.0430,0.0000,0.0000,569.0000,4004.0000
NVIDIA GeForce GTX 1060 3GB,27.21.14.5709 (10-22-2020) - C:\Windows\System32\DriverStore\FileRepository\nv_dispi.inf_amd64_983b03c2be43c272\nvoglv64.dll,8,2560,1080,48,161.0230,73.0000,163.4000,1.0430,0.0000,0.0000,569.0000,4004.0000
NVIDIA GeForce GTX 1060 3GB,27.21.14.5709 (10-22-2020) - C:\Windows\System32\DriverStore\FileRepository\nv_dispi.inf_amd64_983b03c2be43c272\nvoglv64.dll,8,2560,1080,51,162.0392,73.0000,163.4000,1.0430,0.0000,0.0000,569.0000,4004.0000
NVIDIA GeForce GTX 1060 3GB,27.21.14.5709 (10-22-2020) - C:\Windows\System32\DriverStore\FileRepository\nv_dispi.inf_amd64_983b03c2be43c272\nvoglv64.dll,8,2560,1080,50,163.0492,73.0000,163.4000,1.0430,0.0000,0.0000,569.0000,4004.0000
NVIDIA GeForce GTX 1060 3GB,27.21.14.5709 (10-22-2020) - C:\Windows\System32\DriverStore\FileRepository\nv_dispi.inf_amd64_983b03c2be43c272\nvoglv64.dll,8,2560,1080,44,164.0521,73.0000,163.4000,1.0430,0.0000,0.0000,569.0000,4004.0000
NVIDIA GeForce GTX 1060 3GB,27.21.14.5709 (10-22-2020) - C:\Windows\System32\DriverStore\FileRepository\nv_dispi.inf_amd64_983b03c2be43c272\nvoglv64.dll,8,2560,1080,38,165.0730,73.0000,163.4000,1.0430,0.0000,0.0000,569.0000,4004.0000
NVIDIA GeForce GTX 1060 3GB,27.21.14.5709 (10-22-2020) - C:\Windows\System32\DriverStore\FileRepository\nv_dispi.inf_amd64_983b03c2be43c272\nvoglv64.dll,8,2560,1080,36,166.0850,73.0000,163.4000,1.0430,0.0000,0.0000,569.0000,4004.0000
NVIDIA GeForce GTX 1060 3GB,27.21.14.5709 (10-22-2020) - C:\Windows\System32\DriverStore\FileRepository\nv_dispi.inf_amd64_983b03c2be43c272\nvoglv64.dll,8,2560,1080,36,167.1031,73.0000,163.4000,1.0430,0.0000,0.0000,569.0000,4004.0000
NVIDIA GeForce GTX 1060 3GB,27.21.14.5709 (10-22-2020) - C:\Windows\System32\DriverStore\FileRepository\nv_dispi.inf_amd64_983b03c2be43c272\nvoglv64.dll,8,2560,1080,36,168.1282,73.0000,163.4000,1.0430,0.0000,0.0000,569.0000,4004.0000
NVIDIA GeForce GTX 1060 3GB,27.21.14.5709 (10-22-2020) - C:\Windows\System32\DriverStore\FileRepository\nv_dispi.inf_amd64_983b03c2be43c272\nvoglv64.dll,8,2560,1080,35,169.1354,73.0000,163.4000,1.0430,0.0000,0.0000,569.0000,4004.0000
NVIDIA GeForce GTX 1060 3GB,27.21.14.5709 (10-22-2020) - C:\Windows\System32\DriverStore\FileRepository\nv_dispi.inf_amd64_983b03c2be43c272\nvoglv64.dll,8,2560,1080,35,170.1466,73.0000,163.4000,1.0430,0.0000,0.0000,569.0000,4004.0000
NVIDIA GeForce GTX 1060 3GB,27.21.14.5709 (10-22-2020) - C:\Windows\System32\DriverStore\FileRepository\nv_dispi.inf_amd64_983b03c2be43c272\nvoglv64.dll,8,2560,1080,35,171.1548,73.0000,163.4000,1.0430,0.0000,0.0000,569.0000,4004.0000
NVIDIA GeForce GTX 1060 3GB,27.21.14.5709 (10-22-2020) - C:\Windows\System32\DriverStore\FileRepository\nv_dispi.inf_amd64_983b03c2be43c272\nvoglv64.dll,8,2560,1080,35,172.1819,73.0000,163.4000,1.0430,0.0000,0.0000,569.0000,4004.0000
NVIDIA GeForce GTX 1060 3GB,27.21.14.5709 (10-22-2020) - C:\Windows\System32\DriverStore\FileRepository\nv_dispi.inf_amd64_983b03c2be43c272\nvoglv64.dll,8,2560,1080,36,173.1848,73.0000,163.4000,1.0430,0.0000,0.0000,569.0000,4004.0000
NVIDIA GeForce GTX 1060 3GB,27.21.14.5709 (10-22-2020) - C:\Windows\System32\DriverStore\FileRepository\nv_dispi.inf_amd64_983b03c2be43c272\nvoglv64.dll,8,2560,1080,38,174.1877,73.0000,163.4000,1.0430,0.0000,0.0000,569.0000,4004.0000
NVIDIA GeForce GTX 1060 3GB,27.21.14.5709 (10-22-2020) - C:\Windows\System32\DriverStore\FileRepository\nv_dispi.inf_amd64_983b03c2be43c272\nvoglv64.dll,8,2560,1080,44,175.1927,73.0000,163.4000,1.0430,0.0000,0.0000,569.0000,4004.0000
NVIDIA GeForce GTX 1060 3GB,27.21.14.5709 (10-22-2020) - C:\Windows\System32\DriverStore\FileRepository\nv_dispi.inf_amd64_983b03c2be43c272\nvoglv64.dll,8,2560,1080,51,176.2007,73.0000,163.4000,1.0430,0.0000,0.0000,569.0000,4004.0000
NVIDIA GeForce GTX 1060 3GB,27.21.14.5709 (10-22-2020) - C:\Windows\System32\DriverStore\FileRepository\nv_dispi.inf_amd64_983b03c2be43c272\nvoglv64.dll,8,2560,1080,53,177.2136,73.0000,163.4000,1.0430,0.0000,0.0000,569.0000,4004.0000
NVIDIA GeForce GTX 1060 3GB,27.21.14.5709 (10-22-2020) - C:\Windows\System32\DriverStore\FileRepository\nv_dispi.inf_amd64_983b03c2be43c272\nvoglv64.dll,8,2560,1080,51,178.2166,73.0000,163.4000,1.0430,0.0000,0.0000,569.0000,4004.0000
NVIDIA GeForce GTX 1060 3GB,27.21.14.5709 (10-22-2020) - C:\Windows\System32\DriverStore\FileRepository\nv_dispi.inf_amd64_983b03c2be43c272\nvoglv64.dll,8,2560,1080,44,179.2246,73.0000,163.4000,1.0430,0.0000,0.0000,569.0000,4004.0000
NVIDIA GeForce GTX 1060 3GB,27.21.14.5709 (10-22-2020) - C:\Windows\System32\DriverStore\FileRepository\nv_dispi.inf_amd64_983b03c2be43c272\nvoglv64.dll,8,2560,1080,40,180.2475,73.0000,163.4000,1.0430,0.0000,0.0000,569.0000,4004.0000
NVIDIA GeForce GTX 1060 3GB,27.21.14.5709 (10-22-2020) - C:\Windows\System32\DriverStore\FileRepository\nv_dispi.inf_amd64_983b03c2be43c272\nvoglv64.dll,8,2560,1080,38,181.2653,73.0000,163.4000,1.0430,0.0000,0.0000,569.0000,4004.0000
NVIDIA GeForce GTX 1060 3GB,27.21.14.5709 (10-22-2020) - C:\Windows\System32\DriverStore\FileRepository\nv_dispi.inf_amd64_983b03c2be43c272\nvoglv64.dll,8,2560,1080,37,182.2812,73.0000,163.4000,1.0430,0.0000,0.0000,569.0000,4004.0000
NVIDIA GeForce GTX 1060 3GB,27.21.14.5709 (10-22-2020) - C:\Windows\System32\DriverStore\FileRepository\nv_dispi.inf_amd64_983b03c2be43c272\nvoglv64.dll,8,2560,1080,37,183.3021,74.0000,165.2000,1.0430,0.0000,0.0000,569.0000,4004.0000
NVIDIA GeForce GTX 1060 3GB,27.21.14.5709 (10-22-2020) - C:\Windows\System32\DriverStore\FileRepository\nv_dispi.inf_amd64_983b03c2be43c272\nvoglv64.dll,8,2560,1080,37,184.3149,73.0000,163.4000,1.0430,0.0000,0.0000,569.0000,4004.0000
NVIDIA GeForce GTX 1060 3GB,27.21.14.5709 (10-22-2020) - C:\Windows\System32\DriverStore\FileRepository\nv_dispi.inf_amd64_983b03c2be43c272\nvoglv64.dll,8,2560,1080,37,185.3357,73.0000,163.4000,1.0430,0.0000,0.0000,569.0000,4004.0000
NVIDIA GeForce GTX 1060 3GB,27.21.14.5709 (10-22-2020) - C:\Windows\System32\DriverStore\FileRepository\nv_dispi.inf_amd64_983b03c2be43c272\nvoglv64.dll,8,2560,1080,39,186.3457,73.0000,163.4000,1.0430,0.0000,0.0000,569.0000,4004.0000
NVIDIA GeForce GTX 1060 3GB,27.21.14.5709 (10-22-2020) - C:\Windows\System32\DriverStore\FileRepository\nv_dispi.inf_amd64_983b03c2be43c272\nvoglv64.dll,8,2560,1080,44,187.3466,73.0000,163.4000,1.0430,0.0000,0.0000,569.0000,4004.0000
NVIDIA GeForce GTX 1060 3GB,27.21.14.5709 (10-22-2020) - C:\Windows\System32\DriverStore\FileRepository\nv_dispi.inf_amd64_983b03c2be43c272\nvoglv64.dll,8,2560,1080,50,188.3488,73.0000,163.4000,1.0430,0.0000,0.0000,569.0000,4004.0000
NVIDIA GeForce GTX 1060 3GB,27.21.14.5709 (10-22-2020) - C:\Windows\System32\DriverStore\FileRepository\nv_dispi.inf_amd64_983b03c2be43c272\nvoglv64.dll,8,2560,1080,51,189.3490,73.0000,163.4000,1.0430,0.0000,0.0000,569.0000,4004.0000
NVIDIA GeForce GTX 1060 3GB,27.21.14.5709 (10-22-2020) - C:\Windows\System32\DriverStore\FileRepository\nv_dispi.inf_amd64_983b03c2be43c272\nvoglv64.dll,8,2560,1080,48,190.3659,73.0000,163.4000,1.0430,0.0000,0.0000,569.0000,4004.0000
NVIDIA GeForce GTX 1060 3GB,27.21.14.5709 (10-22-2020) - C:\Windows\System32\DriverStore\FileRepository\nv_dispi.inf_amd64_983b03c2be43c272\nvoglv64.dll,8,2560,1080,41,191.3778,73.0000,163.4000,1.0430,0.0000,0.0000,569.0000,4004.0000
NVIDIA GeForce GTX 1060 3GB,27.21.14.5709 (10-22-2020) - C:\Windows\System32\DriverStore\FileRepository\nv_dispi.inf_amd64_983b03c2be43c272\nvoglv64.dll,8,2560,1080,37,192.3977,73.0000,163.4000,1.0430,0.0000,0.0000,569.0000,4004.0000
NVIDIA GeForce GTX 1060 3GB,27.21.14.5709 (10-22-2020) - C:\Windows\System32\DriverStore\FileRepository\nv_dispi.inf_amd64_983b03c2be43c272\nvoglv64.dll,8,2560,1080,36,193.4138,73.0000,163.4000,1.0430,0.0000,0.0000,569.0000,4004.0000
NVIDIA GeForce GTX 1060 3GB,27.21.14.5709 (10-22-2020) - C:\Windows\System32\DriverStore\FileRepository\nv_dispi.inf_amd64_983b03c2be43c272\nvoglv64.dll,8,2560,1080,36,194.4339,74.0000,165.2000,1.0430,0.0000,0.0000,569.0000,4004.0000
NVIDIA GeForce GTX 1060 3GB,27.21.14.5709 (10-22-2020) - C:\Windows\System32\DriverStore\FileRepository\nv_dispi.inf_amd64_983b03c2be43c272\nvoglv64.dll,8,2560,1080,36,195.4350,74.0000,165.2000,1.0430,0.0000,0.0000,569.0000,4004.0000
NVIDIA GeForce GTX 1060 3GB,27.21.14.5709 (10-22-2020) - C:\Windows\System32\DriverStore\FileRepository\nv_dispi.inf_amd64_983b03c2be43c272\nvoglv64.dll,8,2560,1080,35,196.4452,74.0000,165.2000,1.0430,0.0000,0.0000,569.0000,4004.0000
NVIDIA GeForce GTX 1060 3GB,27.21.14.5709 (10-22-2020) - C:\Windows\System32\DriverStore\FileRepository\nv_dispi.inf_amd64_983b03c2be43c272\nvoglv64.dll,8,2560,1080,35,197.4554,74.0000,165.2000,1.0430,0.0000,0.0000,569.0000,4004.0000
NVIDIA GeForce GTX 1060 3GB,27.21.14.5709 (10-22-2020) - C:\Windows\System32\DriverStore\FileRepository\nv_dispi.inf_amd64_983b03c2be43c272\nvoglv64.dll,8,2560,1080,35,198.4605,74.0000,165.2000,1.0430,0.0000,0.0000,569.0000,4004.0000
NVIDIA GeForce GTX 1060 3GB,27.21.14.5709 (10-22-2020) - C:\Windows\System32\DriverStore\FileRepository\nv_dispi.inf_amd64_983b03c2be43c272\nvoglv64.dll,8,2560,1080,36,199.4816,74.0000,165.2000,1.0430,0.0000,0.0000,569.0000,4004.0000
NVIDIA GeForce GTX 1060 3GB,27.21.14.5709 (10-22-2020) - C:\Windows\System32\DriverStore\FileRepository\nv_dispi.inf_amd64_983b03c2be43c272\nvoglv64.dll,8,2560,1080,37,200.4905,73.0000,163.4000,1.0430,0.0000,0.0000,569.0000,4004.0000
NVIDIA GeForce GTX 1060 3GB,27.21.14.5709 (10-22-2020) - C:\Windows\System32\DriverStore\FileRepository\nv_dispi.inf_amd64_983b03c2be43c272\nvoglv64.dll,8,2560,1080,40,201.5104,73.0000,163.4000,1.0430,0.0000,0.0000,569.0000,4004.0000
NVIDIA GeForce GTX 1060 3GB,27.21.14.5709 (10-22-2020) - C:\Windows\System32\DriverStore\FileRepository\nv_dispi.inf_amd64_983b03c2be43c272\nvoglv64.dll,8,2560,1080,48,202.5125,73.0000,163.4000,1.0430,0.0000,0.0000,569.0000,4004.0000
NVIDIA GeForce GTX 1060 3GB,27.21.14.5709 (10-22-2020) - C:\Windows\System32\DriverStore\FileRepository\nv_dispi.inf_amd64_983b03c2be43c272\nvoglv64.dll,8,2560,1080,52,203.5294,73.0000,163.4000,1.0430,0.0000,0.0000,569.0000,4004.0000
NVIDIA GeForce GTX 1060 3GB,27.21.14.5709 (10-22-2020) - C:\Windows\System32\DriverStore\FileRepository\nv_dispi.inf_amd64_983b03c2be43c272\nvoglv64.dll,8,2560,1080,53,204.5343,73.0000,163.4000,1.0430,0.0000,0.0000,569.0000,4004.0000
NVIDIA GeForce GTX 1060 3GB,27.21.14.5709 (10-22-2020) - C:\Windows\System32\DriverStore\FileRepository\nv_dispi.inf_amd64_983b03c2be43c272\nvoglv64.dll,8,2560,1080,48,205.5533,73.0000,163.4000,1.0430,0.0000,0.0000,569.0000,4004.0000
NVIDIA GeForce GTX 1060 3GB,27.21.14.5709 (10-22-2020) - C:\Windows\System32\DriverStore\FileRepository\nv_dispi.inf_amd64_983b03c2be43c272\nvoglv64.dll,8,2560,1080,42,206.5572,73.0000,163.4000,1.0430,0.0000,0.0000,569.0000,4004.0000
NVIDIA GeForce GTX 1060 3GB,27.21.14.5709 (10-22-2020) - C:\Windows\System32\DriverStore\FileRepository\nv_dispi.inf_amd64_983b03c2be43c272\nvoglv64.dll,8,2560,1080,39,207.5751,74.0000,165.2000,1.0430,0.0000,0.0000,569.0000,4004.0000
NVIDIA GeForce GTX 1060 3GB,27.21.14.5709 (10-22-2020) - C:\Windows\System32\DriverStore\FileRepository\nv_dispi.inf_amd64_983b03c2be43c272\nvoglv64.dll,8,2560,1080,38,208.5789,74.0000,165.2000,1.0430,0.0000,0.0000,569.0000,4004.0000
NVIDIA GeForce GTX 1060 3GB,27.21.14.5709 (10-22-2020) - C:\Windows\System32\DriverStore\FileRepository\nv_dispi.inf_amd64_983b03c2be43c272\nvoglv64.dll,8,2560,1080,37,209.5988,74.0000,165.2000,1.0430,0.0000,0.0000,569.0000,4004.0000
NVIDIA GeForce GTX 1060 3GB,27.21.14.5709 (10-22-2020) - C:\Windows\System32\DriverStore\FileRepository\nv_dispi.inf_amd64_983b03c2be43c272\nvoglv64.dll,8,2560,1080,37,210.6167,74.0000,165.2000,1.0430,0.0000,0.0000,569.0000,4004.0000
NVIDIA GeForce GTX 1060 3GB,27.21.14.5709 (10-22-2020) - C:\Windows\System32\DriverStore\FileRepository\nv_dispi.inf_amd64_983b03c2be43c272\nvoglv64.dll,8,2560,1080,37,211.6245,74.0000,165.2000,1.0430,0.0000,0.0000,569.0000,4004.0000
NVIDIA GeForce GTX 1060 3GB,27.21.14.5709 (10-22-2020) - C:\Windows\System32\DriverStore\FileRepository\nv_dispi.inf_amd64_983b03c2be43c272\nvoglv64.dll,8,2560,1080,38,212.6294,74.0000,165.2000,1.0430,0.0000,0.0000,569.0000,4004.0000
NVIDIA GeForce GTX 1060 3GB,27.21.14.5709 (10-22-2020) - C:\Windows\System32\DriverStore\FileRepository\nv_dispi.inf_amd64_983b03c2be43c272\nvoglv64.dll,8,2560,1080,41,213.6463,74.0000,165.2000,1.0430,0.0000,0.0000,569.0000,4004.0000
NVIDIA GeForce GTX 1060 3GB,27.21.14.5709 (10-22-2020) - C:\Windows\System32\DriverStore\FileRepository\nv_dispi.inf_amd64_983b03c2be43c272\nvoglv64.dll,8,2560,1080,47,214.6573,73.0000,163.4000,1.0430,0.0000,0.0000,569.0000,4004.0000
NVIDIA GeForce GTX 1060 3GB,27.21.14.5709 (10-22-2020) - C:\Windows\System32\DriverStore\FileRepository\nv_dispi.inf_amd64_983b03c2be43c272\nvoglv64.dll,8,2560,1080,51,215.6725,73.0000,163.4000,1.0430,0.0000,0.0000,569.0000,4004.0000
NVIDIA GeForce GTX 1060 3GB,27.21.14.5709 (10-22-2020) - C:\Windows\System32\DriverStore\FileRepository\nv_dispi.inf_amd64_983b03c2be43c272\nvoglv64.dll,8,2560,1080,50,216.6886,73.0000,163.4000,1.0430,0.0000,0.0000,569.0000,4004.0000
NVIDIA GeForce GTX 1060 3GB,27.21.14.5709 (10-22-2020) - C:\Windows\System32\DriverStore\FileRepository\nv_dispi.inf_amd64_983b03c2be43c272\nvoglv64.dll,8,2560,1080,45,217.7085,74.0000,165.2000,1.0430,0.0000,0.0000,569.0000,4004.0000
NVIDIA GeForce GTX 1060 3GB,27.21.14.5709 (10-22-2020) - C:\Windows\System32\DriverStore\FileRepository\nv_dispi.inf_amd64_983b03c2be43c272\nvoglv64.dll,8,2560,1080,39,218.7144,74.0000,165.2000,1.0430,0.0000,0.0000,569.0000,4004.0000
NVIDIA GeForce GTX 1060 3GB,27.21.14.5709 (10-22-2020) - C:\Windows\System32\DriverStore\FileRepository\nv_dispi.inf_amd64_983b03c2be43c272\nvoglv64.dll,8,2560,1080,36,219.7224,74.0000,165.2000,1.0430,0.0000,0.0000,569.0000,4004.0000
NVIDIA GeForce GTX 1060 3GB,27.21.14.5709 (10-22-2020) - C:\Windows\System32\DriverStore\FileRepository\nv_dispi.inf_amd64_983b03c2be43c272\nvoglv64.dll,8,2560,1080,36,220.7404,74.0000,165.2000,1.0430,0.0000,0.0000,569.0000,4004.0000
NVIDIA GeForce GTX 1060 3GB,27.21.14.5709 (10-22-2020) - C:\Windows\System32\DriverStore\FileRepository\nv_dispi.inf_amd64_983b03c2be43c272\nvoglv64.dll,8,2560,1080,36,221.7635,74.0000,165.2000,1.0430,0.0000,0.0000,569.0000,4004.0000
NVIDIA GeForce GTX 1060 3GB,27.21.14.5709 (10-22-2020) - C:\Windows\System32\DriverStore\FileRepository\nv_dispi.inf_amd64_983b03c2be43c272\nvoglv64.dll,8,2560,1080,35,222.7687,74.0000,165.2000,1.0430,0.0000,0.0000,569.0000,4004.0000
NVIDIA GeForce GTX 1060 3GB,27.21.14.5709 (10-22-2020) - C:\Windows\System32\DriverStore\FileRepository\nv_dispi.inf_amd64_983b03c2be43c272\nvoglv64.dll,8,2560,1080,35,223.7799,74.0000,165.2000,1.0430,0.0000,0.0000,569.0000,4004.0000
NVIDIA GeForce GTX 1060 3GB,27.21.14.5709 (10-22-2020) - C:\Windows\System32\DriverStore\FileRepository\nv_dispi.inf_amd64_983b03c2be43c272\nvoglv64.dll,8,2560,1080,35,224.7891,74.0000,165.2000,1.0430,0.0000,0.0000,569.0000,4004.0000
NVIDIA GeForce GTX 1060 3GB,27.21.14.5709 (10-22-2020) - C:\Windows\System32\DriverStore\FileRepository\nv_dispi.inf_amd64_983b03c2be43c272\nvoglv64.dll,8,2560,1080,35,225.7902,74.0000,165.2000,1.0430,0.0000,0.0000,569.0000,4004.0000
NVIDIA GeForce GTX 1060 3GB,27.21.14.5709 (10-22-2020) - C:\Windows\System32\DriverStore\FileRepository\nv_dispi.inf_amd64_983b03c2be43c272\nvoglv64.dll,8,2560,1080,36,226.8012,74.0000,165.2000,1.0430,0.0000,0.0000,569.0000,4004.0000
NVIDIA GeForce GTX 1060 3GB,27.21.14.5709 (10-22-2020) - C:\Windows\System32\DriverStore\FileRepository\nv_dispi.inf_amd64_983b03c2be43c272\nvoglv64.dll,8,2560,1080,38,227.8021,74.0000,165.2000,1.0430,0.0000,0.0000,569.0000,4004.0000
NVIDIA GeForce GTX 1060 3GB,27.21.14.5709 (10-22-2020) - C:\Windows\System32\DriverStore\FileRepository\nv_dispi.inf_amd64_983b03c2be43c272\nvoglv64.dll,8,2560,1080,43,228.8221,73.0000,163.4000,1.0430,0.0000,0.0000,569.0000,4004.0000
NVIDIA GeForce GTX 1060 3GB,27.21.14.5709 (10-22-2020) - C:\Windows\System32\DriverStore\FileRepository\nv_dispi.inf_amd64_983b03c2be43c272\nvoglv64.dll,8,2560,1080,51,229.8231,73.0000,163.4000,1.0430,0.0000,0.0000,569.0000,4004.0000
NVIDIA GeForce GTX 1060 3GB,27.21.14.5709 (10-22-2020) - C:\Windows\System32\DriverStore\FileRepository\nv_dispi.inf_amd64_983b03c2be43c272\nvoglv64.dll,8,2560,1080,53,230.8360,73.0000,163.4000,1.0430,0.0000,0.0000,569.0000,4004.0000
NVIDIA GeForce GTX 1060 3GB,27.21.14.5709 (10-22-2020) - C:\Windows\System32\DriverStore\FileRepository\nv_dispi.inf_amd64_983b03c2be43c272\nvoglv64.dll,8,2560,1080,52,231.8550,73.0000,163.4000,1.0430,0.0000,0.0000,569.0000,4004.0000
NVIDIA GeForce GTX 1060 3GB,27.21.14.5709 (10-22-2020) - C:\Windows\System32\DriverStore\FileRepository\nv_dispi.inf_amd64_983b03c2be43c272\nvoglv64.dll,8,2560,1080,45,232.8629,73.0000,163.4000,1.0430,0.0000,0.0000,569.0000,4004.0000
NVIDIA GeForce GTX 1060 3GB,27.21.14.5709 (10-22-2020) - C:\Windows\System32\DriverStore\FileRepository\nv_dispi.inf_amd64_983b03c2be43c272\nvoglv64.dll,8,2560,1080,41,233.8728,74.0000,165.2000,1.0430,0.0000,0.0000,569.0000,4004.0000
NVIDIA GeForce GTX 1060 3GB,27.21.14.5709 (10-22-2020) - C:\Windows\System32\DriverStore\FileRepository\nv_dispi.inf_amd64_983b03c2be43c272\nvoglv64.dll,8,2560,1080,38,234.8827,74.0000,165.2000,1.0430,0.0000,0.0000,569.0000,4004.0000
NVIDIA GeForce GTX 1060 3GB,27.21.14.5709 (10-22-2020) - C:\Windows\System32\DriverStore\FileRepository\nv_dispi.inf_amd64_983b03c2be43c272\nvoglv64.dll,8,2560,1080,37,235.8966,74.0000,165.2000,1.0430,0.0000,0.0000,569.0000,4004.0000
NVIDIA GeForce GTX 1060 3GB,27.21.14.5709 (10-22-2020) - C:\Windows\System32\DriverStore\FileRepository\nv_dispi.inf_amd64_983b03c2be43c272\nvoglv64.dll,8,2560,1080,37,236.9175,74.0000,165.2000,1.0430,0.0000,0.0000,569.0000,4004.0000
NVIDIA GeForce GTX 1060 3GB,27.21.14.5709 (10-22-2020) - C:\Windows\System32\DriverStore\FileRepository\nv_dispi.inf_amd64_983b03c2be43c272\nvoglv64.dll,8,2560,1080,37,237.9313,74.0000,165.2000,1.0430,0.0000,0.0000,569.0000,4004.0000
NVIDIA GeForce GTX 1060 3GB,27.21.14.5709 (10-22-2020) - C:\Windows\System32\DriverStore\FileRepository\nv_dispi.inf_amd64_983b03c2be43c272\nvoglv64.dll,8,2560,1080,37,238.9321,74.0000,165.2000,1.0430,0.0000,0.0000,569.0000,4004.0000
NVIDIA GeForce GTX 1060 3GB,27.21.14.5709 (10-22-2020) - C:\Windows\System32\DriverStore\FileRepository\nv_dispi.inf_amd64_983b03c2be43c272\nvoglv64.dll,8,2560,1080,39,239.9370,74.0000,165.2000,1.0430,0.0000,0.0000,569.0000,4004.0000
NVIDIA GeForce GTX 1060 3GB,27.21.14.5709 (10-22-2020) - C:\Windows\System32\DriverStore\FileRepository\nv_dispi.inf_amd64_983b03c2be43c272\nvoglv64.dll,8,2560,1080,43,240.9490,74.0000,165.2000,1.0430,0.0000,0.0000,569.0000,4004.0000
NVIDIA GeForce GTX 1060 3GB,27.21.14.5709 (10-22-2020) - C:\Windows\System32\DriverStore\FileRepository\nv_dispi.inf_amd64_983b03c2be43c272\nvoglv64.dll,8,2560,1080,49,241.9631,73.0000,163.4000,1.0430,0.0000,0.0000,569.0000,4004.0000
NVIDIA GeForce GTX 1060 3GB,27.21.14.5709 (10-22-2020) - C:\Windows\System32\DriverStore\FileRepository\nv_dispi.inf_amd64_983b03c2be43c272\nvoglv64.dll,8,2560,1080,51,242.9803,73.0000,163.4000,1.0430,0.0000,0.0000,569.0000,4004.0000
NVIDIA GeForce GTX 1060 3GB,27.21.14.5709 (10-22-2020) - C:\Windows\System32\DriverStore\FileRepository\nv_dispi.inf_amd64_983b03c2be43c272\nvoglv64.dll,8,2560,1080,49,243.9913,74.0000,165.2000,1.0430,0.0000,0.0000,569.0000,4004.0000
NVIDIA GeForce GTX 1060 3GB,27.21.14.5709 (10-22-2020) - C:\Windows\System32\DriverStore\FileRepository\nv_dispi.inf_amd64_983b03c2be43c272\nvoglv64.dll,8,2560,1080,42,245.0002,74.0000,165.2000,1.0430,0.0000,0.0000,569.0000,4004.0000
NVIDIA GeForce GTX 1060 3GB,27.21.14.5709 (10-22-2020) - C:\Windows\System32\DriverStore\FileRepository\nv_dispi.inf_amd64_983b03c2be43c272\nvoglv64.dll,8,2560,1080,38,246.0091,74.0000,165.2000,1.0430,0.0000,0.0000,569.0000,4004.0000
NVIDIA GeForce GTX 1060 3GB,27.21.14.5709 (10-22-2020) - C:\Windows\System32\DriverStore\FileRepository\nv_dispi.inf_amd64_983b03c2be43c272\nvoglv64.dll,8,2560,1080,36,247.0221,74.0000,165.2000,1.0430,0.0000,0.0000,569.0000,4004.0000
NVIDIA GeForce GTX 1060 3GB,27.21.14.5709 (10-22-2020) - C:\Windows\System32\DriverStore\FileRepository\nv_dispi.inf_amd64_983b03c2be43c272\nvoglv64.dll,8,2560,1080,36,248.0422,74.0000,165.2000,1.0430,0.0000,0.0000,569.0000,4004.0000
NVIDIA GeForce GTX 1060 3GB,27.21.14.5709 (10-22-2020) - C:\Windows\System32\DriverStore\FileRepository\nv_dispi.inf_amd64_983b03c2be43c272\nvoglv64.dll,8,2560,1080,36,249.0683,74.0000,165.2000,1.0430,0.0000,0.0000,569.0000,4004.0000
NVIDIA GeForce GTX 1060 3GB,27.21.14.5709 (10-22-2020) - C:\Windows\System32\DriverStore\FileRepository\nv_dispi.inf_amd64_983b03c2be43c272\nvoglv64.dll,8,2560,1080,35,250.0775,74.0000,165.2000,1.0430,0.0000,0.0000,569.0000,4004.0000
